-- Insert fake data for applicants
INSERT INTO applicants (full_name, email, phone, resume_text, status, role, source, college, hr_notes, avatar_url, resume_summary) VALUES
('Alice Johnson', 'alice.johnson1@example.com', '555-0101', 'Experienced software developer...', 'New', 'Software Engineer', 'LinkedIn', 'College A', 'Notes 1', 'https://example.com/avatar1.png', 'Summary 1'),
('Bob Smith', 'bob.smith2@example.com', '555-0102', 'Skilled in project management...', 'Pending Review', 'Project Manager', 'Referral', 'College B', 'Notes 2', 'https://example.com/avatar2.png', 'Summary 2'),
('Carol White', 'carol.white3@example.com', '555-0103', 'Expert in data analysis...', 'Interview Scheduled', 'Data Analyst', 'Job Board', 'College C', 'Notes 3', 'https://example.com/avatar3.png', 'Summary 3'),
('David Brown', 'david.brown4@example.com', '555-0104', 'Experienced in marketing...', 'Rejected', 'Marketing Specialist', 'LinkedIn', 'College D', 'Notes 4', 'https://example.com/avatar4.png', 'Summary 4'),
('Eva Green', 'eva.green5@example.com', '555-0105', 'Strong background in sales...', 'Offer Extended', 'Sales Manager', 'Referral', 'College E', 'Notes 5', 'https://example.com/avatar5.png', 'Summary 5'),
('Frank Moore', 'frank.moore6@example.com', '555-0106', 'Expert in customer service...', 'New', 'Customer Service Rep', 'Job Board', 'College F', 'Notes 6', 'https://example.com/avatar6.png', 'Summary 6'),
('Grace Lee', 'grace.lee7@example.com', '555-0107', 'Experienced HR professional...', 'Pending Review', 'HR Specialist', 'LinkedIn', 'College G', 'Notes 7', 'https://example.com/avatar7.png', 'Summary 7'),
('Henry King', 'henry.king8@example.com', '555-0108', 'Skilled in finance...', 'Interview Scheduled', 'Financial Analyst', 'Referral', 'College H', 'Notes 8', 'https://example.com/avatar8.png', 'Summary 8'),
('Ivy Scott', 'ivy.scott9@example.com', '555-0109', 'Expert in graphic design...', 'Rejected', 'Graphic Designer', 'Job Board', 'College I', 'Notes 9', 'https://example.com/avatar9.png', 'Summary 9'),
('Jack Turner', 'jack.turner10@example.com', '555-0110', 'Experienced in logistics...', 'Offer Extended', 'Logistics Coordinator', 'LinkedIn', 'College J', 'Notes 10', 'https://example.com/avatar10.png', 'Summary 10'),
('Kara Young', 'kara.young11@example.com', '555-0111', 'Strong background in education...', 'New', 'Teacher', 'Referral', 'College K', 'Notes 11', 'https://example.com/avatar11.png', 'Summary 11'),
('Liam Walker', 'liam.walker12@example.com', '555-0112', 'Skilled in software testing...', 'Pending Review', 'QA Engineer', 'Job Board', 'College L', 'Notes 12', 'https://example.com/avatar12.png', 'Summary 12'),
('Mia Harris', 'mia.harris13@example.com', '555-0113', 'Experienced in content writing...', 'Interview Scheduled', 'Content Writer', 'LinkedIn', 'College M', 'Notes 13', 'https://example.com/avatar13.png', 'Summary 13'),
('Noah Clark', 'noah.clark14@example.com', '555-0114', 'Expert in cybersecurity...', 'Rejected', 'Security Analyst', 'Referral', 'College N', 'Notes 14', 'https://example.com/avatar14.png', 'Summary 14'),
('Olivia Lewis', 'olivia.lewis15@example.com', '555-0115', 'Strong background in administration...', 'Offer Extended', 'Office Manager', 'Job Board', 'College O', 'Notes 15', 'https://example.com/avatar15.png', 'Summary 15'),
('Paul Martinez', 'paul.martinez16@example.com', '555-0116', 'Experienced in engineering...', 'New', 'Mechanical Engineer', 'LinkedIn', 'College P', 'Notes 16', 'https://example.com/avatar16.png', 'Summary 16'),
('Quinn Robinson', 'quinn.robinson17@example.com', '555-0117', 'Skilled in customer relations...', 'Pending Review', 'Customer Relations', 'Referral', 'College Q', 'Notes 17', 'https://example.com/avatar17.png', 'Summary 17'),
('Rachel Walker', 'rachel.walker18@example.com', '555-0118', 'Expert in legal affairs...', 'Interview Scheduled', 'Legal Advisor', 'Job Board', 'College R', 'Notes 18', 'https://example.com/avatar18.png', 'Summary 18'),
('Steve Hall', 'steve.hall19@example.com', '555-0119', 'Experienced in IT support...', 'Rejected', 'IT Support Specialist', 'LinkedIn', 'College S', 'Notes 19', 'https://example.com/avatar19.png', 'Summary 19'),
('Tina Adams', 'tina.adams20@example.com', '555-0120', 'Strong background in research...', 'Offer Extended', 'Research Analyst', 'Referral', 'College T', 'Notes 20', 'https://example.com/avatar20.png', 'Summary 20');

-- Insert fake data for assessments
INSERT INTO assessments (applicant_id, test_type, status, score, wpm, accuracy, test_data) VALUES
(1, 'aptitude', 'assigned', '4/5', NULL, NULL, '{"questions": ["Q1", "Q2"]}'),
(2, 'typing', 'completed', '90%', 75, 95, '{"text": "The quick brown fox"}'),
(3, 'aptitude', 'completed', '3/5', NULL, NULL, '{"questions": ["Q1", "Q2"]}'),
(4, 'typing', 'assigned', NULL, NULL, NULL, '{"text": "Lorem ipsum"}'),
(5, 'aptitude', 'completed', '5/5', NULL, NULL, '{"questions": ["Q1", "Q2"]}'),
(6, 'typing', 'completed', '85%', 65, 90, '{"text": "Sample text"}'),
(7, 'aptitude', 'assigned', NULL, NULL, NULL, '{"questions": ["Q1", "Q2"]}'),
(8, 'typing', 'completed', '88%', 70, 92, '{"text": "Another sample"}'),
(9, 'aptitude', 'completed', '2/5', NULL, NULL, '{"questions": ["Q1", "Q2"]}'),
(10, 'typing', 'assigned', NULL, NULL, NULL, '{"text": "Typing test"}'),
(11, 'aptitude', 'completed', '4/5', NULL, NULL, '{"questions": ["Q1", "Q2"]}'),
(12, 'typing', 'completed', '92%', 80, 96, '{"text": "Fast typing"}'),
(13, 'aptitude', 'assigned', NULL, NULL, NULL, '{"questions": ["Q1", "Q2"]}'),
(14, 'typing', 'completed', '87%', 68, 91, '{"text": "Typing speed"}'),
(15, 'aptitude', 'completed', '3/5', NULL, NULL, '{"questions": ["Q1", "Q2"]}'),
(16, 'typing', 'assigned', NULL, NULL, NULL, '{"text": "Test text"}'),
(17, 'aptitude', 'completed', '5/5', NULL, NULL, '{"questions": ["Q1", "Q2"]}'),
(18, 'typing', 'completed', '89%', 72, 93, '{"text": "Sample typing"}'),
(19, 'aptitude', 'assigned', NULL, NULL, NULL, '{"questions": ["Q1", "Q2"]}'),
(20, 'typing', 'completed', '90%', 74, 94, '{"text": "Final test"}');

-- Insert fake data for jobs
INSERT INTO jobs (title, department, location, source, status, description, applicants_count) VALUES
('Software Engineer', 'Engineering', 'New York', 'LinkedIn', 'Accepting Applications', 'Develop and maintain software applications.', 10),
('Project Manager', 'Management', 'San Francisco', 'Referral', 'Screening', 'Manage projects and teams.', 5),
('Data Analyst', 'Analytics', 'Chicago', 'Job Board', 'Interviewing', 'Analyze data and generate reports.', 8),
('Marketing Specialist', 'Marketing', 'Boston', 'LinkedIn', 'Offer Extended', 'Develop marketing strategies.', 3),
('Sales Manager', 'Sales', 'Seattle', 'Referral', 'Closed', 'Manage sales team and targets.', 7),
('Customer Service Rep', 'Support', 'Austin', 'Job Board', 'Accepting Applications', 'Handle customer inquiries.', 12),
('HR Specialist', 'Human Resources', 'Denver', 'LinkedIn', 'Screening', 'Manage HR processes.', 4),
('Financial Analyst', 'Finance', 'Miami', 'Referral', 'Interviewing', 'Analyze financial data.', 6),
('Graphic Designer', 'Design', 'Los Angeles', 'Job Board', 'Offer Extended', 'Create visual content.', 2),
('Logistics Coordinator', 'Operations', 'Atlanta', 'LinkedIn', 'Closed', 'Coordinate logistics and supply chain.', 9),
('Teacher', 'Education', 'Houston', 'Referral', 'Accepting Applications', 'Teach students.', 11),
('QA Engineer', 'Engineering', 'New York', 'Job Board', 'Screening', 'Test software products.', 5),
('Content Writer', 'Marketing', 'San Francisco', 'LinkedIn', 'Interviewing', 'Write marketing content.', 3),
('Security Analyst', 'Security', 'Chicago', 'Referral', 'Offer Extended', 'Ensure system security.', 7),
('Office Manager', 'Administration', 'Boston', 'Job Board', 'Closed', 'Manage office operations.', 4),
('Mechanical Engineer', 'Engineering', 'Seattle', 'LinkedIn', 'Accepting Applications', 'Design mechanical systems.', 6),
('Customer Relations', 'Support', 'Austin', 'Referral', 'Screening', 'Manage customer relations.', 8),
('Legal Advisor', 'Legal', 'Denver', 'Job Board', 'Interviewing', 'Provide legal advice.', 2),
('IT Support Specialist', 'IT', 'Miami', 'LinkedIn', 'Offer Extended', 'Provide IT support.', 5),
('Research Analyst', 'Research', 'Los Angeles', 'Referral', 'Closed', 'Conduct research and analysis.', 3);

-- Insert fake data for colleges
INSERT INTO colleges (name, location, contact_email, status, resumes_received) VALUES
('College A', 'New York', 'contact@collegea.edu', 'Invited', 100),
('College B', 'San Francisco', 'contact@collegeb.edu', 'Confirmed', 80),
('College C', 'Chicago', 'contact@collegec.edu', 'Screening', 60),
('College D', 'Boston', 'contact@colleged.edu', 'Scheduled', 40),
('College E', 'Seattle', 'contact@collegee.edu', 'Invited', 20),
('College F', 'Austin', 'contact@collegef.edu', 'Confirmed', 30),
('College G', 'Denver', 'contact@collegeg.edu', 'Screening', 50),
('College H', 'Miami', 'contact@collegeh.edu', 'Scheduled', 70),
('College I', 'Los Angeles', 'contact@collegei.edu', 'Invited', 90),
('College J', 'Atlanta', 'contact@collegej.edu', 'Confirmed', 110),
('College K', 'Houston', 'contact@collegek.edu', 'Screening', 130),
('College L', 'New York', 'contact@collegel.edu', 'Scheduled', 150),
('College M', 'San Francisco', 'contact@collegem.edu', 'Invited', 170),
('College N', 'Chicago', 'contact@collegen.edu', 'Confirmed', 190),
('College O', 'Boston', 'contact@collegeo.edu', 'Screening', 210),
('College P', 'Seattle', 'contact@collegep.edu', 'Scheduled', 230),
('College Q', 'Austin', 'contact@collegeq.edu', 'Invited', 250),
('College R', 'Denver', 'contact@colleger.edu', 'Confirmed', 270),
('College S', 'Miami', 'contact@colleges.edu', 'Screening', 290),
('College T', 'Los Angeles', 'contact@colleget.edu', 'Scheduled', 310);

-- Insert fake data for employees
INSERT INTO employees (name, role, status, avatar_url, email) VALUES
('Emily Carter', 'Software Engineer', 'Office', 'https://example.com/avatar21.png', 'emily.carter1@example.com'),
('Michael Scott', 'Project Manager', 'Remote', 'https://example.com/avatar22.png', 'michael.scott2@example.com'),
('Sarah Johnson', 'Data Analyst', 'Leave', 'https://example.com/avatar23.png', 'sarah.johnson3@example.com'),
('James Brown', 'Marketing Specialist', 'Probation', 'https://example.com/avatar24.png', 'james.brown4@example.com'),
('Jessica Lee', 'Sales Manager', 'Office', 'https://example.com/avatar25.png', 'jessica.lee5@example.com'),
('David Wilson', 'Customer Service Rep', 'Remote', 'https://example.com/avatar26.png', 'david.wilson6@example.com'),
('Laura Martinez', 'HR Specialist', 'Leave', 'https://example.com/avatar27.png', 'laura.martinez7@example.com'),
('Robert Garcia', 'Financial Analyst', 'Probation', 'https://example.com/avatar28.png', 'robert.garcia8@example.com'),
('Linda Rodriguez', 'Graphic Designer', 'Office', 'https://example.com/avatar29.png', 'linda.rodriguez9@example.com'),
('William Hernandez', 'Logistics Coordinator', 'Remote', 'https://example.com/avatar30.png', 'william.hernandez10@example.com'),
('Barbara Lopez', 'Teacher', 'Leave', 'https://example.com/avatar31.png', 'barbara.lopez11@example.com'),
('Joseph Gonzalez', 'QA Engineer', 'Probation', 'https://example.com/avatar32.png', 'joseph.gonzalez12@example.com'),
('Susan Perez', 'Content Writer', 'Office', 'https://example.com/avatar33.png', 'susan.perez13@example.com'),
('Charles Wilson', 'Security Analyst', 'Remote', 'https://example.com/avatar34.png', 'charles.wilson14@example.com'),
('Karen Moore', 'Office Manager', 'Leave', 'https://example.com/avatar35.png', 'karen.moore15@example.com'),
('Daniel Taylor', 'Mechanical Engineer', 'Probation', 'https://example.com/avatar36.png', 'daniel.taylor16@example.com'),
('Nancy Anderson', 'Customer Relations', 'Office', 'https://example.com/avatar37.png', 'nancy.anderson17@example.com'),
('Matthew Thomas', 'Legal Advisor', 'Remote', 'https://example.com/avatar38.png', 'matthew.thomas18@example.com'),
('Betty Jackson', 'IT Support Specialist', 'Leave', 'https://example.com/avatar39.png', 'betty.jackson19@example.com'),
('George White', 'Research Analyst', 'Probation', 'https://example.com/avatar40.png', 'george.white20@example.com');

-- Insert fake data for documents
INSERT INTO documents (name, type, version, status, expiry_date, acknowledgement_percentage) VALUES
('Employee Handbook', 'Policy', 'v1.0', 'Active', '2025-12-31', 90),
('Safety Training', 'Training', 'v2.1', 'Draft', '2024-06-30', 75),
('IT Security Manual', 'Manual', 'v3.3', 'Archived', '2023-12-31', 60),
('Code of Conduct', 'Policy', 'v1.2', 'Active', '2026-01-15', 85),
('Customer Service Guide', 'Training', 'v2.0', 'Draft', '2024-09-30', 70),
('HR Policies', 'Manual', 'v1.5', 'Archived', '2023-11-30', 65),
('Marketing Guidelines', 'Policy', 'v3.0', 'Active', '2025-05-20', 80),
('Product Training', 'Training', 'v2.2', 'Draft', '2024-08-15', 72),
('Security Procedures', 'Manual', 'v1.8', 'Archived', '2023-10-31', 68),
('Employee Benefits', 'Policy', 'v1.1', 'Active', '2026-03-10', 88),
('Sales Training', 'Training', 'v2.3', 'Draft', '2024-07-25', 74),
('IT Manuals', 'Manual', 'v3.4', 'Archived', '2023-09-30', 62),
('Workplace Safety', 'Policy', 'v1.4', 'Active', '2025-11-05', 83),
('Customer Training', 'Training', 'v2.5', 'Draft', '2024-10-20', 76),
('Legal Manuals', 'Manual', 'v3.1', 'Archived', '2023-08-31', 64),
('Employee Conduct', 'Policy', 'v1.3', 'Active', '2026-02-28', 87),
('Technical Training', 'Training', 'v2.4', 'Draft', '2024-09-10', 73),
('Security Manuals', 'Manual', 'v3.2', 'Archived', '2023-07-31', 66),
('Workplace Policies', 'Policy', 'v1.6', 'Active', '2025-10-15', 82),
('Customer Manuals', 'Training', 'v2.6', 'Draft', '2024-11-30', 75);

-- Insert fake data for grievances
INSERT INTO grievances (ticket_id, title, description, category, is_anonymous, status, assigned_to, submitter_id) VALUES
('TICKET001', 'Payroll Issue', 'Incorrect salary payment.', 'Payroll', false, 'Open', 'HR', 1),
('TICKET002', 'Facility Complaint', 'Air conditioning not working.', 'Facilities', true, 'In Progress', 'Legal', 2),
('TICKET003', 'Interpersonal Conflict', 'Disagreement with manager.', 'Interpersonal', false, 'Resolved', 'HR', 3),
('TICKET004', 'Policy Question', 'Clarification on leave policy.', 'Policy', true, 'Closed', 'Legal', 4),
('TICKET005', 'Feedback on Benefits', 'Request for better health coverage.', 'Feedback', false, 'Open', 'HR', 5),
('TICKET006', 'Other Issue', 'Miscellaneous complaint.', 'Other', true, 'In Progress', 'Legal', 6),
('TICKET007', 'Payroll Delay', 'Salary delayed this month.', 'Payroll', false, 'Resolved', 'HR', 7),
('TICKET008', 'Facility Maintenance', 'Broken elevator.', 'Facilities', true, 'Closed', 'Legal', 8),
('TICKET009', 'Interpersonal Issue', 'Conflict with coworker.', 'Interpersonal', false, 'Open', 'HR', 9),
('TICKET010', 'Policy Update', 'Request for policy update.', 'Policy', true, 'In Progress', 'Legal', 10),
('TICKET011', 'Feedback Suggestion', 'Suggestion for new benefits.', 'Feedback', false, 'Resolved', 'HR', 11),
('TICKET012', 'Other Concern', 'Other miscellaneous issue.', 'Other', true, 'Closed', 'Legal', 12),
('TICKET013', 'Payroll Error', 'Incorrect tax deduction.', 'Payroll', false, 'Open', 'HR', 13),
('TICKET014', 'Facility Issue', 'Parking lot problem.', 'Facilities', true, 'In Progress', 'Legal', 14),
('TICKET015', 'Interpersonal Dispute', 'Dispute with team member.', 'Interpersonal', false, 'Resolved', 'HR', 15),
('TICKET016', 'Policy Clarification', 'Clarify work from home policy.', 'Policy', true, 'Closed', 'Legal', 16),
('TICKET017', 'Feedback Request', 'Request for feedback system.', 'Feedback', false, 'Open', 'HR', 17),
('TICKET018', 'Other Feedback', 'General feedback.', 'Other', true, 'In Progress', 'Legal', 18),
('TICKET019', 'Payroll Concern', 'Concern about overtime pay.', 'Payroll', false, 'Resolved', 'HR', 19),
('TICKET020', 'Facility Request', 'Request for new equipment.', 'Facilities', true, 'Closed', 'Legal', 20);

-- Insert fake data for analytics
INSERT INTO analytics ("attritionPrediction", "burnoutHeatmap", "salaryBenchmarks", "keyInsights") VALUES
('Low', 'Moderate', 'Competitive', 'Positive trends'),
('High', 'High', 'Below Average', 'Needs improvement'),
('Medium', 'Low', 'Above Average', 'Stable performance'),
('Low', 'Moderate', 'Competitive', 'Positive trends'),
('High', 'High', 'Below Average', 'Needs improvement'),
('Medium', 'Low', 'Above Average', 'Stable performance'),
('Low', 'Moderate', 'Competitive', 'Positive trends'),
('High', 'High', 'Below Average', 'Needs improvement'),
('Medium', 'Low', 'Above Average', 'Stable performance'),
('Low', 'Moderate', 'Competitive', 'Positive trends'),
('High', 'High', 'Below Average', 'Needs improvement'),
('Medium', 'Low', 'Above Average', 'Stable performance'),
('Low', 'Moderate', 'Competitive', 'Positive trends'),
('High', 'High', 'Below Average', 'Needs improvement'),
('Medium', 'Low', 'Above Average', 'Stable performance'),
('Low', 'Moderate', 'Competitive', 'Positive trends'),
('High', 'High', 'Below Average', 'Needs improvement'),
('Medium', 'Low', 'Above Average', 'Stable performance'),
('Low', 'Moderate', 'Competitive', 'Positive trends'),
('High', 'High', 'Below Average', 'Needs improvement');
